 ,Room 1,Room 1 - Company,Room 1 - Associate,Room 2,Room 2 - Company,Room 2 - Associate,Room 3,Room 3 - Company,Room 3 - Associate,Room 4,Room 4 - Company,Room 4 - Associate,Room5 ,Room 5 - Company,Room 5 - Associate,Compass,Company,Associate
9:00 AM,"Matt Bridges, Intrepid",CareAcademy,Justin,"Alex Berger, Vringo",Nix,Troy,,,,Michael De la maza,BrainSpec,Miranda,,,,,,
9:30 AM,"Matt Bridges, Intrepid",Evolve,Justin,"Alex Berger, Vringo",Voatz,Ashley/Ty Debrief,"Scott Pirrello, campusSIMs",Care,Troy,Michael Delamaza,Lorem,Miranda,,,,,,
10:00 AM,"Matt Bridges, Intrepid",Voatz,Justin,,,,"Scott Pirrello, campusSIMs",Evolve,Troy,"Jason Jacobs, Runkeeper",Nix,Miranda,,,,,,
10:30 AM,"Matt Bridges, Intrepid",OffGridBox,Justin,,,,"Scott Pirrello, campusSIMs",Lorem,Troy,"Jason Jacobs, Runkeeper",Evolve,Miranda,,,,,,
11:00 AM,"Matt Bridges, Intrepid",Rate,Justin/Semyon Debrief,Jay Allen,OffGridBox,Ashley,"Scott Pirrello, campusSIMs",Solstice,Troy,"Jason Jacobs, Runkeeper",Brizi,Miranda,,,,,,
11:30 AM,Michael Delamaza,Alice,Daniel Williams,"Luca 
MVPBLD",BrainSpec,Lilian,"Scott Pirrello, campusSIMs",Voatz,Troy/Ty Debrief,"Jason Jacobs, Runkeeper",Rate Gravity,Justin,David Sturman,Care,Andrew,,,
12:00 PM,"CJ Johnson, 3playmedia",Alice,Daniel Williams,"Luca 
MVPBLD",Evolve  ,Lilian/Eveline debrief,Michael Delamaza,Nix,Ashley,"Jason Jacobs, Runkeeper",Solstice  ,Justin,David Sturman,RateGravity,Andrew,,,
12:30 PM,"CJ Johnson, 3playmedia",Care Academy,Daniel Williams,,,,Michael Delamaza,OffGridBox  ,Ashley/Ty debrief,"Jason Jacobs, Runkeeper",Alice,Justin/Ty Debrief,David Sturman,Brizi,Yada,,,
1:00 PM,"CJ Johnson, 3playmedia",Lorem,Daniel Williams/Ty Debrief,Ajay Gallewalle ,Sea Machines,Max,"Claire Wadlington, LLV Capital",Voatz,Yada,"Christopher Mirabile, Launchpad",OffGridBox,Dmitriy,David Sturman,Tive,Keaton/Ty Debrief,Jay Allen,Rate Gravity,Justin/Ty debrief
1:30 PM,Michael Delamaza,SeaMachines,Daniel postponed debrief,Ajay Gallewalle ,Solstice,Max,"Claire Wadlington, LLV Capital",Tive,Miranda,"Christopher Mirabile, Launchpad",Voatz,Dmitriy,"Jack Klinck, Hyperplane",Nix,Keaton,Jay Allen,Brizi,Justin/Ty debrief
2:00 PM,"Dan 
Big Sky Blue",Voatz,Daniel Williams,Ajay Gallewalle ,Tive,Max,"Claire Wadlington, LLV Capital",SeaMachines,Miranda,"Christopher Mirabile, Launchpad",Solstice OK,Dmitriy,"Jack Klinck, Hyperplane",RateGravity,Keaton,,,
2:30 PM,Kuppu,Voatz,Daniel Williams,Ajay Gallewalle ,Evolve  ,Max,"Claire Wadlington, LLV Capital",OffGridBox OK,Miranda/Ty debrief,"Christopher Mirabile, Launchpad",Lorem,Dmitriy/Ty debrief,"Jack Klinck, Hyperplane",BrainSpec,Keaton,,,
3:00 PM,"Jennifer Jordan, MassVentures",Alice,Troy,Ajay Gallewalle ,Nix,Max,Dan Coleman,Solstice,Lilian,Kuppu,BrainSpec,Yada,"Jack Klinck, Hyperplane",Brizi,Keaton/Ty debrief,,,
3:30 PM,"Jennifer Jordan, MassVentures",Care,Troy,Ajay Gallewalle ,OffGridBox,Max,,,,Kuppu,Rate Gravity,Yada,Matthew Mamet,Lorem,Dmitriy,,,
4:00 PM,"Jennifer Jordan, MassVentures",BrainSpec,Ashley,Ajay Gallewalle ,Voatz,Max,Dan Coleman,Sea Machine,Lilian,Kuppu,Tive,Yada/Eveline debrief,Matthew Mamet,OffGridBox,Dmitriy,,,
4:30 PM,"Jennifer Jordan, MassVentures",Brizi,Ashley,Ajay Gallewalle ,BrainSpec,Max,Dan Coleman,Evolve,Lilian/Semyon debrief,Barbara Russell,Nix,Miranda/Eveline debrief,Matthew Mamet,Solstice,Dmitriy/Ty debrief,,,
5:00 PM,"Jennifer Jordan, MassVentures",OffGridBox,Keaton,Ajay Gallewalle ,Care Academy,Max/Ty debrief,,,,Michael Pullen,Voatz,Lilian,,,,,,
5:30 PM,"Jennifer Jordan, MassVentures",Solstice,Keaton/Ty Debrief,,,,"Genevieve Sandoli, SocialCure",Alice's Table,Yada/Semyon debrief,Michael Pullen,Rate Gravity,Lilian/Eveline debrief,,,,,,
6:00 PM,,,,,,,,,,,,,,,,,,
